{
    "marketing": "שיווק",
    "sendingMessages": "שליחת הודעות",

    "plans": "תוכניות",
    "process": "תהליך",
    "gefen": "גפן",
    "excel": "יצירת אקסל",
    "appoint": "לשבץ",
    "preferred": "שיבוץ מועדף",
    "begin": "החל",
    "allPlans": "כל התוכניות",
    "finished": "הסתיים",

    "guide": "הדרכה",
    "facebookMarketing": "פרסום בפייסבוק",
    "addGuide": "הוספת מדריכים למאגר",
    "guideMap": "מפות מדריכים",
    "guideQueries": "שאילתות מדריכים",
    "guideAppointing": "שיבוץ מדריכים",
    "guideList": "רשימת מדריכים",

    "schools": "בתי ספר",
    "locatingSchools": "איתור בתי ספר"
}