{
    "color": "צבע",
    "firstName": "שם פרטי",
    "lastName": "שם משפחה",
    "phone": "טלפון",
    "cv": "קורות חיים",
    "cvAbbrv": "קוח",
    "city": "יישוב",
    "area": "אזור",
    "sector": "מגזר",
    "notes": "הערות",
    "types": "תחומים",
    "instructorTypes": "סוגים",
    "dist": "מרחק",
    "action": "בחר",

    "sendMessagesToInstructors": "שלח הודעות למדריכים",
    "saveMsg": "שמור נוסח",
    "placeCandidates": "שבץ מועמדים",
    "unplacePlanInstructor": "בטל את שיבוץ מועמד:",

    "planIsFull": "כל מקומות המדריכים של התוכנית מלאים",
    "choseMoreCandidatesThanEmptySlots": "בחרת יותר מועמדים משיש מקומות לשיבוץ",
    "noChosenCandidates": "לא בחרת מועמדים לשיבוץ"
}