{
    "year": "שנה",
    "instructorList": "רשימת מדריכים",
    "placingMode": "מצב שיבוץ",
    "noSelectedPlan": "אם תיבחר תוכנית, תופיע אפשרות למצב שיבוץ",
    "sendMessagesToInstructors": "שלח הודעות למדריכים",
    "saveMsg": "שמור נוסח",
    "googleMaps": "גוגל מפות",
    "empty": "ריקים",
    "placeCandidate": "שבץ מועמד",

    "noSelectedPlanForCandidates": "לא נבחרה תוכנית בשביל שיבוץ המועמדים",
    "planIsFull": "כל מקומות המדריכים של התוכנית מלאים",
    "choseMoreCandidatesThanEmptySlots": "בחרת יותר מועמדים משיש מקומות לשיבוץ",
    "noChosenCandidates": "לא בחרת מועמדים לשיבוץ",

    "unplacePlanInstructor": "בטל את שיבוץ מועמד:"
}