[
    {"value": "אמנות", "text": "אמנות"},
    {"value": "תיאטרון", "text": "תיאטרון"},
    {"value": "שחמט", "text": "שחמט"},
    {"value": "לחימה", "text": "לחימה"},
    {"value": "סטיילינג", "text": "סטיילינג"},
    {"value": "מותאמת", "text": "מותאמת"},
    {"value": "קיימות", "text": "קיימות"},
    {"value": "ניו מדיה", "text": "ניו מדיה"},
    {"value": "הייטק", "text": "הייטק"},
    {"value": "יוגה", "text": "יוגה"},
    {"value": "כתיבה", "text": "כתיבה"},
    {"value": "פיננסי", "text": "פיננסי"},
    {"value": "ספורט", "text": "ספורט"},
    {"value": "קוסמות", "text": "קוסמות"},
    {"value": "כלב", "text": "כלב"},
    {"value": "רפואה", "text": "רפואה"},
    {"value": "מדע", "text": "מדע"},
    {"value": "מנהיגות", "text": "מנהיגות"},
    {"value": "מחול", "text": "מחול"},
    {"value": "תקשורת", "text": "תקשורת"},
    {"value": "למידה", "text": "למידה"},
    {"value": "פסיכומטרי", "text": "פסיכומטרי"},
    {"value": "חשיבה", "text": "חשיבה"},
    {"value": "להטוטנות", "text": "להטוטנות"},
    {"value": "חינוך מיני", "text": "חינוך מיני"},
    {"value": "טיפול", "text": "טיפול"},
    {"value": "מוסיקה", "text": "מוסיקה"},
    {"value": "ליווי", "text": "ליווי"},
    {"value": "קולנוע", "text": "קולנוע"},
    {"value": "נגרות", "text": "נגרות"},
    {"value": "בישול", "text": "בישול"},
    {"value": "יזמות", "text": "יזמות"},
    {"value": "אנגלית", "text": "אנגלית"},
    {"value": "מתמטיקה", "text": "מתמטיקה"},
    {"value": "קאוצינג", "text": "קאוצ'ינג"},
    {"value": "טלמרקטינג", "text": "טלמרקטינג"},
    {"value": "ייעוץ הוליסטי", "text": "ייעוץ הוליסטי"},
    {"value": "יהדות", "text": "יהדות"},
    {"value": "טיסה", "text": "טיסה"}
]







































