[
    {"value": "אצבע הגליל", "display": "אצבע הגליל"},
    {"value": "גליל מזרחי", "display": "גליל מזרחי"},
    {"value": "גליל מערבי", "display": "גליל מערבי"},
    {"value": "חיפה", "display": "חיפה"},
    {"value": "גליל תחתון", "display": "גליל תחתון"},
    {"value": "עמק חפר", "display": "עמק חפר"},
    {"value": "שרון", "display": "שרון"},
    {"value": "קו ירוק", "display": "קו ירוק"},
    {"value": "מרכז", "display": "מרכז"},
    {"value": "שפלה", "display": "שפלה"},
    {"value": "ירושלים", "display": "ירושלים"},
    {"value": "דרום", "display": "דרום"}
]