[
    {"value": "אמנות", "display": "אמנות"},
    {"value": "תיאטרון", "display": "תיאטרון"},
    {"value": "שחמט", "display": "שחמט"},
    {"value": "לחימה", "display": "לחימה"},
    {"value": "סטיילינג", "display": "סטיילינג"},
    {"value": "מותאמת", "display": "מותאמת"},
    {"value": "קיימות", "display": "קיימות"},
    {"value": "ניו מדיה", "display": "ניו מדיה"},
    {"value": "הייטק", "display": "הייטק"},
    {"value": "יוגה", "display": "יוגה"},
    {"value": "כתיבה", "display": "כתיבה"},
    {"value": "פיננסי", "display": "פיננסי"},
    {"value": "ספורט", "display": "ספורט"},
    {"value": "קוסמות", "display": "קוסמות"},
    {"value": "כלב", "display": "כלב"},
    {"value": "רפואה", "display": "רפואה"},
    {"value": "מדע", "display": "מדע"},
    {"value": "מנהיגות", "display": "מנהיגות"},
    {"value": "מחול", "display": "מחול"},
    {"value": "תקשורת", "display": "תקשורת"},
    {"value": "למידה", "display": "למידה"},
    {"value": "פסיכומטרי", "display": "פסיכומטרי"},
    {"value": "חשיבה", "display": "חשיבה"},
    {"value": "להטוטנות", "display": "להטוטנות"},
    {"value": "חינוך מיני", "display": "חינוך מיני"},
    {"value": "טיפול", "display": "טיפול"},
    {"value": "מוסיקה", "display": "מוסיקה"},
    {"value": "ליווי", "display": "ליווי"},
    {"value": "קולנוע", "display": "קולנוע"},
    {"value": "נגרות", "display": "נגרות"},
    {"value": "בישול", "display": "בישול"},
    {"value": "יזמות", "display": "יזמות"},
    {"value": "אנגלית", "display": "אנגלית"},
    {"value": "מתמטיקה", "display": "מתמטיקה"},
    {"value": "קאוצינג", "display": "קאוצ'ינג"},
    {"value": "טלמרקטינג", "display": "טלמרקטינג"},
    {"value": "ייעוץ הוליסטי", "display": "ייעוץ הוליסטי"},
    {"value": "יהדות", "display": "יהדות"},
    {"value": "טיסה", "display": "טיסה"}
]







































