[
    {"value": "אצבע הגליל", "text": "אצבע הגליל"},
    {"value": "גליל מזרחי", "text": "גליל מזרחי"},
    {"value": "גליל מערבי", "text": "גליל מערבי"},
    {"value": "חיפה", "text": "חיפה"},
    {"value": "גליל תחתון", "text": "גליל תחתון"},
    {"value": "עמק חפר", "text": "עמק חפר"},
    {"value": "שרון", "text": "שרון"},
    {"value": "קו ירוק", "text": "קו ירוק"},
    {"value": "מרכז", "text": "מרכז"},
    {"value": "שפלה", "text": "שפלה"},
    {"value": "ירושלים", "text": "ירושלים"},
    {"value": "דרום", "text": "דרום"}
]