{
    "reset": "איפוס הגדרות",
    "yearLabel": "שנה ברירת מחדל:",
    "editModeLabel": "מצב עריכה:",
    "updateGoogleAccount": "עדכן חשבון גוגל:",

    "resetNote": "איפוס ההגדרות כולל גם אתחול המצבים השמורים של הטבלאות, אך לא את חשבונות הגוגל",

    "cell": "עריכה ברמת תא",
    "form": "עריכת שורה עם טופס",

    "contacts": "אנשי קשר",
    "instructors": "מדריכים",
    "proposal": "הצעות תוכנית"
}